INSERT INTO Department (Dep_PK, Name) VALUES
('Dep_1', '개발팀'),
('Dep_2', '마케팅팀'),
('Dep_3', '회계팀');

INSERT INTO Employees (Emp_PK, Dep_FK, Name) VALUES 
('00100', 'Dep_1', '아무개'),
('12345', 'Dep_2', '홍길동'),
('67890', 'Dep_3', '이순신'),
('23456', 'Dep_1', '김철수'),
('34567', 'Dep_2', '박영희'),
('45678', 'Dep_3', '장보고'),
('56789', 'Dep_1', '신사임당'),
('67891', 'Dep_3', '강감찬'),
('78901', 'Dep_1', '이성계'),
('89012', 'Dep_2', '정약용')
;

INSERT INTO TimeAttendance (TA_PK, Emp_FK, Dep_FK, Workday, Status) VALUES
('TA_1', '00100', 'Dep_1', '2024-08-01', '출근'),
('TA_2', '00100', 'Dep_1', '2024-08-01', '퇴근'),
('TA_3', '12345', 'Dep_2', '2024-08-02', '출근'),
('TA_4', '12345', 'Dep_2', '2024-08-02', '퇴근'),
('TA_5', '67890', 'Dep_3', '2024-08-03', '출근'),
('TA_6', '67890', 'Dep_3', '2024-08-03', '퇴근'),
('TA_7', '23456', 'Dep_1', '2024-08-04', '출근'),
('TA_8', '23456', 'Dep_1', '2024-08-04', '퇴근'),
('TA_9', '34567', 'Dep_2', '2024-08-05', '출근'),
('TA_10', '34567', 'Dep_2', '2024-08-05', '퇴근'),
('TA_11', '45678', 'Dep_3', '2024-08-06', '출근'),
('TA_12', '45678', 'Dep_3', '2024-08-06', '퇴근'),
('TA_13', '56789', 'Dep_1', '2024-08-07', '출근'),
('TA_14', '56789', 'Dep_1', '2024-08-07', '퇴근'),
('TA_15', '67891', 'Dep_3', '2024-08-08', '출근'),
('TA_16', '67891', 'Dep_3', '2024-08-08', '퇴근'),
('TA_17', '78901', 'Dep_1', '2024-08-09', '출근'),
('TA_18', '78901', 'Dep_1', '2024-08-09', '퇴근'),
('TA_19', '00100', 'Dep_1', '2024-08-10', '출근'),
('TA_20', '00100', 'Dep_1', '2024-08-10', '퇴근'),
('TA_21', '12345', 'Dep_2', '2024-08-11', '출근'),
('TA_22', '12345', 'Dep_2', '2024-08-11', '퇴근'),
('TA_23', '67890', 'Dep_3', '2024-08-12', '출근'),
('TA_24', '67890', 'Dep_3', '2024-08-12', '퇴근'),
('TA_25', '23456', 'Dep_1', '2024-08-13', '출근'),
('TA_26', '23456', 'Dep_1', '2024-08-13', '퇴근'),
('TA_27', '34567', 'Dep_2', '2024-08-14', '출근'),
('TA_28', '34567', 'Dep_2', '2024-08-14', '퇴근'),
('TA_29', '45678', 'Dep_3', '2024-08-15', '출근'),
('TA_30', '45678', 'Dep_3', '2024-08-15', '퇴근'),
('TA_31', '56789', 'Dep_1', '2024-08-16', '출근'),
('TA_32', '56789', 'Dep_1', '2024-08-16', '퇴근'),
('TA_33', '67891', 'Dep_3', '2024-08-17', '출근'),
('TA_34', '67891', 'Dep_3', '2024-08-17', '퇴근'),
('TA_35', '78901', 'Dep_1', '2024-08-18', '출근'),
('TA_36', '78901', 'Dep_1', '2024-08-18', '퇴근'),
('TA_37', '00100', 'Dep_1', '2024-08-19', '출근'),
('TA_38', '00100', 'Dep_1', '2024-08-19', '퇴근'),
('TA_39', '12345', 'Dep_2', '2024-08-20', '출근'),
('TA_40', '12345', 'Dep_2', '2024-08-20', '퇴근'),
('TA_41', '67890', 'Dep_3', '2024-08-21', '출근'),
('TA_42', '67890', 'Dep_3', '2024-08-21', '퇴근'),
('TA_43', '23456', 'Dep_1', '2024-08-22', '출근'),
('TA_44', '23456', 'Dep_1', '2024-08-22', '퇴근'),
('TA_45', '34567', 'Dep_2', '2024-08-23', '출근'),
('TA_46', '34567', 'Dep_2', '2024-08-23', '퇴근'),
('TA_47', '45678', 'Dep_3', '2024-08-24', '출근'),
('TA_48', '45678', 'Dep_3', '2024-08-24', '퇴근'),
('TA_49', '56789', 'Dep_1', '2024-08-25', '출근'),
('TA_50', '56789', 'Dep_1', '2024-08-25', '퇴근'),
('TA_51', '67891', 'Dep_3', '2024-08-26', '출근'),
('TA_52', '67891', 'Dep_3', '2024-08-26', '퇴근'),
('TA_53', '78901', 'Dep_1', '2024-08-27', '출근'),
('TA_54', '78901', 'Dep_1', '2024-08-27', '퇴근'),
('TA_55', '00100', 'Dep_1', '2024-08-28', '출근'),
('TA_56', '00100', 'Dep_1', '2024-08-28', '퇴근'),
('TA_57', '12345', 'Dep_2', '2024-08-29', '출근'),
('TA_58', '12345', 'Dep_2', '2024-08-29', '퇴근'),
('TA_59', '67890', 'Dep_3', '2024-08-30', '출근'),
('TA_60', '67890', 'Dep_3', '2024-08-30', '퇴근'),
('TA_61', '23456', 'Dep_1', '2024-08-31', '출근'),
('TA_62', '23456', 'Dep_1', '2024-08-31', '퇴근'),
('TA_63', '34567', 'Dep_2', '2024-08-31', '출근'),
('TA_64', '34567', 'Dep_2', '2024-08-31', '퇴근'),
('TA_65', '45678', 'Dep_3', '2024-08-31', '출근'),
('TA_66', '45678', 'Dep_3', '2024-08-31', '퇴근'),
('TA_67', '56789', 'Dep_1', '2024-08-31', '출근'),
('TA_68', '56789', 'Dep_1', '2024-08-31', '퇴근'),
('TA_69', '67891', 'Dep_3', '2024-08-31', '출근'),
('TA_70', '67891', 'Dep_3', '2024-08-31', '퇴근'),
('TA_71', '78901', 'Dep_1', '2024-08-31', '출근'),
('TA_72', '78901', 'Dep_1', '2024-08-31', '퇴근');

